Workbook

Sheet Raw Runs
A1: Script | B1: Date | C1: Start | D1: End | E1: Elapsed (sec) | F1: Elapsed (h:mm:ss)
A2: MiddleOfficeAgentBankLoad | B2: 46143 | C2: 46143.376 | D2: 46143.376 | E2: 40.297 | F2: =E2/86400 -> 0.00046640046
A3: MiddleOfficeAgentBankLoad | B3: 46144 | C3: 46144.376 | D3: 46144.376 | E3: 35.17 | F3: =E3/86400 -> 0.00040706019
A4: MiddleOfficeAgentBankLoad | B4: 46145 | C4: 46145.376 | D4: 46145.376 | E4: 31.968 | F4: =E4/86400 -> 0.00037
A5: MiddleOfficeAgentBankLoad | B5: 46146 | C5: 46146.376 | D5: 46146.376 | E5: 34.561 | F5: =E5/86400 -> 0.00040001157
A6: MiddleOfficeAgentBankLoad | B6: 46147 | C6: 46147.376 | D6: 46147.376 | E6: 34.291 | F6: =E6/86400 -> 0.00039688657
A7: MiddleOfficeAgentBankLoad | B7: 46148 | C7: 46148.376 | D7: 46148.376 | E7: 36.179 | F7: =E7/86400 -> 0.00041873843
A8: MiddleOfficeAgentBankLoad | B8: 46149 | C8: 46149.376 | D8: 46149.376 | E8: 36.08 | F8: =E8/86400 -> 0.00041759259
A9: MiddleOfficeAgentBankLoad | B9: 46150 | C9: 46150.377 | D9: 46150.377 | E9: 38.422 | F9: =E9/86400 -> 0.00044469907
A10: MiddleOfficeAgentBankLoad | B10: 46151 | C10: 46151.377 | D10: 46151.377 | E10: 31.962 | F10: =E10/86400 -> 0.00036993056
A11: MiddleOfficeAgentBankLoad | B11: 46152 | C11: 46152.377 | D11: 46152.377 | E11: 32.959 | F11: =E11/86400 -> 0.00038146991
A12: MiddleOfficeAgentBankLoad | B12: 46153 | C12: 46153.376 | D12: 46153.377 | E12: 37.342 | F12: =E12/86400 -> 0.00043219907
A13: MiddleOfficeAgentBankLoad | B13: 46154 | C13: 46154.376 | D13: 46154.377 | E13: 34.12 | F13: =E13/86400 -> 0.00039490741
... A2047: MiddleOfficeTradeLoad | B2047: 46210 | C2047: 46210.706 | D2047: 46210.716 | E2047: 903.122 | F2047: =E2047/86400 -> 0.010452801

Sheet Summary by Script
A1: Script | B1: Run Count | C1: Avg Runtime (h:mm:ss) | D1: Min Runtime (h:mm:ss) | E1: Max Runtime (h:mm:ss) | F1: Avg (sec) | G1: First Run Date | H1: Last Run Date
A2: MiddleOfficeAgentBankLoad | B2: =COUNTIF('Raw Runs'!$A$2:$A$2047,A2) -> 68 | C2: =IFERROR(AVERAGEIF('Raw Runs'!$A$2:$A$2047,A2,'Raw Runs'!$E$2:$E$2047)/86400,"") -> 0.00044005787 | D2: =IFERROR(minifs('Raw Runs'!$E$2:$E$2047,'Raw Runs'!$A$2:$A$2047,A2)/86400,"") | E2: =IFERROR(maxifs('Raw Runs'!$E$2:$E$2047,'Raw Runs'!$A$2:$A$2047,A2)/86400,"") | F2: =IFERROR(AVERAGEIF('Raw Runs'!$A$2:$A$2047,A2,'Raw Runs'!$E$2:$E$2047),"") -> 38.021 | G2: =IFERROR(minifs('Raw Runs'!$B$2:$B$2047,'Raw Runs'!$A$2:$A$2047,A2),"") | H2: =IFERROR(maxifs('Raw Runs'!$B$2:$B$2047,'Raw Runs'!$A$2:$A$2047,A2),"")
A3: MiddleOfficeAmortizationLoad | B3: =COUNTIF('Raw Runs'!$A$2:$A$2047,A3) -> 69 | C3: =IFERROR(AVERAGEIF('Raw Runs'!$A$2:$A$2047,A3,'Raw Runs'!$E$2:$E$2047)/86400,"") -> 0.0014876245 | D3: =IFERROR(minifs('Raw Runs'!$E$2:$E$2047,'Raw Runs'!$A$2:$A$2047,A3)/86400,"") | E3: =IFERROR(maxifs('Raw Runs'!$E$2:$E$2047,'Raw Runs'!$A$2:$A$2047,A3)/86400,"") | F3: =IFERROR(AVERAGEIF('Raw Runs'!$A$2:$A$2047,A3,'Raw Runs'!$E$2:$E$2047),"") -> 128.53075 | G3: =IFERROR(minifs('Raw Runs'!$B$2:$B$2047,'Raw Runs'!$A$2:$A$2047,A3),"") | H3: =IFERROR(maxifs('Raw Runs'!$B$2:$B$2047,'Raw Runs'!$A$2:$A$2047,A3),"")
A4: MiddleOfficeContractCashFlowDebtLoad | B4: =COUNTIF('Raw Runs'!$A$2:$A$2047,A4) -> 68 | C4: =IFERROR(AVERAGEIF('Raw Runs'!$A$2:$A$2047,A4,'Raw Runs'!$E$2:$E$2047)/86400,"") -> 0.010329767 | D4: =IFERROR(minifs('Raw Runs'!$E$2:$E$2047,'Raw Runs'!$A$2:$A$2047,A4)/86400,"") | E4: =IFERROR(maxifs('Raw Runs'!$E$2:$E$2047,'Raw Runs'!$A$2:$A$2047,A4)/86400,"") | F4: =IFERROR(AVERAGEIF('Raw Runs'!$A$2:$A$2047,A4,'Raw Runs'!$E$2:$E$2047),"") -> 892.49184 | G4: =IFERROR(minifs('Raw Runs'!$B$2:$B$2047,'Raw Runs'!$A$2:$A$2047,A4),"") | H4: =IFERROR(maxifs('Raw Runs'!$B$2:$B$2047,'Raw Runs'!$A$2:$A$2047,A4),"")
A5: MiddleOfficeFactorLoad | B5: =COUNTIF('Raw Runs'!$A$2:$A$2047,A5) -> 68 | C5: =IFERROR(AVERAGEIF('Raw Runs'!$A$2:$A$2047,A5,'Raw Runs'!$E$2:$E$2047)/86400,"") -> 0.00077335716 | D5: =IFERROR(minifs('Raw Runs'!$E$2:$E$2047,'Raw Runs'!$A$2:$A$2047,A5)/86400,"") | E5: =IFERROR(maxifs('Raw Runs'!$E$2:$E$2047,'Raw Runs'!$A$2:$A$2047,A5)/86400,"") | F5: =IFERROR(AVERAGEIF('Raw Runs'!$A$2:$A$2047,A5,'Raw Runs'!$E$2:$E$2047),"") -> 66.818059 | G5: =IFERROR(minifs('Raw Runs'!$B$2:$B$2047,'Raw Runs'!$A$2:$A$2047,A5),"") | H5: =IFERROR(maxifs('Raw Runs'!$B$2:$B$2047,'Raw Runs'!$A$2:$A$2047,A5),"")
A6: MiddleOfficeInstDefaultLoad | B6: =COUNTIF('Raw Runs'!$A$2:$A$2047,A6) -> 69 | C6: =IFERROR(AVERAGEIF('Raw Runs'!$A$2:$A$2047,A6,'Raw Runs'!$E$2:$E$2047)/86400,"") -> 0.00036575483 | D6: =IFERROR(minifs('Raw Runs'!$E$2:$E$2047,'Raw Runs'!$A$2:$A$2047,A6)/86400,"") | E6: =IFERROR(maxifs('Raw Runs'!$E$2:$E$2047,'Raw Runs'!$A$2:$A$2047,A6)/86400,"") | F6: =IFERROR(AVERAGEIF('Raw Runs'!$A$2:$A$2047,A6,'Raw Runs'!$E$2:$E$2047),"") -> 31.601217 | G6: =IFERROR(minifs('Raw Runs'!$B$2:$B$2047,'Raw Runs'!$A$2:$A$2047,A6),"") | H6: =IFERROR(maxifs('Raw Runs'!$B$2:$B$2047,'Raw Runs'!$A$2:$A$2047,A6),"")
A7: MiddleOfficeInstrumentLoad | B7: =COUNTIF('Raw Runs'!$A$2:$A$2047,A7) -> 798 | C7: =IFERROR(AVERAGEIF('Raw Runs'!$A$2:$A$2047,A7,'Raw Runs'!$E$2:$E$2047)/86400,"") -> 0.00095430382 | D7: =IFERROR(minifs('Raw Runs'!$E$2:$E$2047,'Raw Runs'!$A$2:$A$2047,A7)/86400,"") | E7: =IFERROR(maxifs('Raw Runs'!$E$2:$E$2047,'Raw Runs'!$A$2:$A$2047,A7)/86400,"") | F7: =IFERROR(AVERAGEIF('Raw Runs'!$A$2:$A$2047,A7,'Raw Runs'!$E$2:$E$2047),"") -> 82.45185 | G7: =IFERROR(minifs('Raw Runs'!$B$2:$B$2047,'Raw Runs'!$A$2:$A$2047,A7),"") | H7: =IFERROR(maxifs('Raw Runs'!$B$2:$B$2047,'Raw Runs'!$A$2:$A$2047,A7),"")
A8: MiddleOfficeLiabilityCapstackLoad | B8: =COUNTIF('Raw Runs'!$A$2:$A$2047,A8) -> 69 | C8: =IFERROR(AVERAGEIF('Raw Runs'!$A$2:$A$2047,A8,'Raw Runs'!$E$2:$E$2047)/86400,"") -> 0.001665755 | D8: =IFERROR(minifs('Raw Runs'!$E$2:$E$2047,'Raw Runs'!$A$2:$A$2047,A8)/86400,"") | E8: =IFERROR(maxifs('Raw Runs'!$E$2:$E$2047,'Raw Runs'!$A$2:$A$2047,A8)/86400,"") | F8: =IFERROR(AVERAGEIF('Raw Runs'!$A$2:$A$2047,A8,'Raw Runs'!$E$2:$E$2047),"") -> 143.92123 | G8: =IFERROR(minifs('Raw Runs'!$B$2:$B$2047,'Raw Runs'!$A$2:$A$2047,A8),"") | H8: =IFERROR(maxifs('Raw Runs'!$B$2:$B$2047,'Raw Runs'!$A$2:$A$2047,A8),"")
A9: MiddleOfficePositionLoad | B9: =COUNTIF('Raw Runs'!$A$2:$A$2047,A9) -> 258 | C9: =IFERROR(AVERAGEIF('Raw Runs'!$A$2:$A$2047,A9,'Raw Runs'!$E$2:$E$2047)/86400,"") -> 0.037640275 | D9: =IFERROR(minifs('Raw Runs'!$E$2:$E$2047,'Raw Runs'!$A$2:$A$2047,A9)/86400,"") | E9: =IFERROR(maxifs('Raw Runs'!$E$2:$E$2047,'Raw Runs'!$A$2:$A$2047,A9)/86400,"") | F9: =IFERROR(AVERAGEIF('Raw Runs'!$A$2:$A$2047,A9,'Raw Runs'!$E$2:$E$2047),"") -> 3252.1197 | G9: =IFERROR(minifs('Raw Runs'!$B$2:$B$2047,'Raw Runs'!$A$2:$A$2047,A9),"") | H9: =IFERROR(maxifs('Raw Runs'!$B$2:$B$2047,'Raw Runs'!$A$2:$A$2047,A9),"")
A10: MiddleOfficePositionLoad_Adhoc | B10: =COUNTIF('Raw Runs'!$A$2:$A$2047,A10) -> 2 | C10: =IFERROR(AVERAGEIF('Raw Runs'!$A$2:$A$2047,A10,'Raw Runs'!$E$2:$E$2047)/86400,"") -> 0.15110511 | D10: =IFERROR(minifs('Raw Runs'!$E$2:$E$2047,'Raw Runs'!$A$2:$A$2047,A10)/86400,"") | E10: =IFERROR(maxifs('Raw Runs'!$E$2:$E$2047,'Raw Runs'!$A$2:$A$2047,A10)/86400,"") | F10: =IFERROR(AVERAGEIF('Raw Runs'!$A$2:$A$2047,A10,'Raw Runs'!$E$2:$E$2047),"") -> 13055.481 | G10: =IFERROR(minifs('Raw Runs'!$B$2:$B$2047,'Raw Runs'!$A$2:$A$2047,A10),"") | H10: =IFERROR(maxifs('Raw Runs'!$B$2:$B$2047,'Raw Runs'!$A$2:$A$2047,A10),"")
A11: MiddleOfficePositionLoad_CurrentDay | B11: =COUNTIF('Raw Runs'!$A$2:$A$2047,A11) -> 145 | C11: =IFERROR(AVERAGEIF('Raw Runs'!$A$2:$A$2047,A11,'Raw Runs'!$E$2:$E$2047)/86400,"") -> 0.0054133612 | D11: =IFERROR(minifs('Raw Runs'!$E$2:$E$2047,'Raw Runs'!$A$2:$A$2047,A11)/86400,"") | E11: =IFERROR(maxifs('Raw Runs'!$E$2:$E$2047,'Raw Runs'!$A$2:$A$2047,A11)/86400,"") | F11: =IFERROR(AVERAGEIF('Raw Runs'!$A$2:$A$2047,A11,'Raw Runs'!$E$2:$E$2047),"") -> 467.71441 | G11: =IFERROR(minifs('Raw Runs'!$B$2:$B$2047,'Raw Runs'!$A$2:$A$2047,A11),"") | H11: =IFERROR(maxifs('Raw Runs'!$B$2:$B$2047,'Raw Runs'!$A$2:$A$2047,A11),"")
A12: MiddleOfficePositionLoad_CurrentDay_Adhoc | B12: =COUNTIF('Raw Runs'!$A$2:$A$2047,A12) -> 2 | C12: =IFERROR(AVERAGEIF('Raw Runs'!$A$2:$A$2047,A12,'Raw Runs'!$E$2:$E$2047)/86400,"") -> 0.0048784259 | D12: =IFERROR(minifs('Raw Runs'!$E$2:$E$2047,'Raw Runs'!$A$2:$A$2047,A12)/86400,"") | E12: =IFERROR(maxifs('Raw Runs'!$E$2:$E$2047,'Raw Runs'!$A$2:$A$2047,A12)/86400,"") | F12: =IFERROR(AVERAGEIF('Raw Runs'!$A$2:$A$2047,A12,'Raw Runs'!$E$2:$E$2047),"") -> 421.496 | G12: =IFERROR(minifs('Raw Runs'!$B$2:$B$2047,'Raw Runs'!$A$2:$A$2047,A12),"") | H12: =IFERROR(maxifs('Raw Runs'!$B$2:$B$2047,'Raw Runs'!$A$2:$A$2047,A12),"")
A13: MiddleOfficeTradeLoad | B13: =COUNTIF('Raw Runs'!$A$2:$A$2047,A13) -> 430 | C13: =IFERROR(AVERAGEIF('Raw Runs'!$A$2:$A$2047,A13,'Raw Runs'!$E$2:$E$2047)/86400,"") -> 0.010635652 | D13: =IFERROR(minifs('Raw Runs'!$E$2:$E$2047,'Raw Runs'!$A$2:$A$2047,A13)/86400,"") | E13: =IFERROR(maxifs('Raw Runs'!$E$2:$E$2047,'Raw Runs'!$A$2:$A$2047,A13)/86400,"") | F13: =IFERROR(AVERAGEIF('Raw Runs'!$A$2:$A$2047,A13,'Raw Runs'!$E$2:$E$2047),"") -> 918.92033 | G13: =IFERROR(minifs('Raw Runs'!$B$2:$B$2047,'Raw Runs'!$A$2:$A$2047,A13),"") | H13: =IFERROR(maxifs('Raw Runs'!$B$2:$B$2047,'Raw Runs'!$A$2:$A$2047,A13),"")

Sheet Daily Avg by Script
A1: Date | B1: MiddleOfficeAgentBankLoad | C1: MiddleOfficeAmortizationLoad | D1: MiddleOfficeContractCashFlowDebtLoad | E1: MiddleOfficeFactorLoad | F1: MiddleOfficeInstDefaultLoad | G1: MiddleOfficeInstrumentLoad | H1: MiddleOfficeLiabilityCapstackLoad | I1: MiddleOfficePositionLoad | J1: MiddleOfficePositionLoad_Adhoc | K1: MiddleOfficePositionLoad_CurrentDay | L1: MiddleOfficePositionLoad_CurrentDay_Adhoc | M1: MiddleOfficeTradeLoad
A2: 46142 | B2: =IFERROR(AVERAGEIFS('Raw Runs'!$E$2:$E$2047,'Raw Runs'!$A$2:$A$2047,B$1,'Raw Runs'!$B$2:$B$2047,$A2)/86400,"") | C2: =IFERROR(AVERAGEIFS('Raw Runs'!$E$2:$E$2047,'Raw Runs'!$A$2:$A$2047,C$1,'Raw Runs'!$B$2:$B$2047,$A2)/86400,"") | D2: =IFERROR(AVERAGEIFS('Raw Runs'!$E$2:$E$2047,'Raw Runs'!$A$2:$A$2047,D$1,'Raw Runs'!$B$2:$B$2047,$A2)/86400,"") | E2: =IFERROR(AVERAGEIFS('Raw Runs'!$E$2:$E$2047,'Raw Runs'!$A$2:$A$2047,E$1,'Raw Runs'!$B$2:$B$2047,$A2)/86400,"") | F2: =IFERROR(AVERAGEIFS('Raw Runs'!$E$2:$E$2047,'Raw Runs'!$A$2:$A$2047,F$1,'Raw Runs'!$B$2:$B$2047,$A2)/86400,"") | G2: =IFERROR(AVERAGEIFS('Raw Runs'!$E$2:$E$2047,'Raw Runs'!$A$2:$A$2047,G$1,'Raw Runs'!$B$2:$B$2047,$A2)/86400,"") | H2: =IFERROR(AVERAGEIFS('Raw Runs'!$E$2:$E$2047,'Raw Runs'!$A$2:$A$2047,H$1,'Raw Runs'!$B$2:$B$2047,$A2)/86400,"") | I2: =IFERROR(AVERAGEIFS('Raw Runs'!$E$2:$E$2047,'Raw Runs'!$A$2:$A$2047,I$1,'Raw Runs'!$B$2:$B$2047,$A2)/86400,"") | ... M2: =IFERROR(AVERAGEIFS('Raw Runs'!$E$2:$E$2047,'Raw Runs'!$A$2:$A$2047,M$1,'Raw Runs'!$B$2:$B$2047,$A2)/86400,"") -> 0.0090262269
A3: 46143 | B3: =IFERROR(AVERAGEIFS('Raw Runs'!$E$2:$E$2047,'Raw Runs'!$A$2:$A$2047,B$1,'Raw Runs'!$B$2:$B$2047,$A3)/86400,"") -> 0.00046640046 | C3: =IFERROR(AVERAGEIFS('Raw Runs'!$E$2:$E$2047,'Raw Runs'!$A$2:$A$2047,C$1,'Raw Runs'!$B$2:$B$2047,$A3)/86400,"") -> 0.0010086806 | D3: =IFERROR(AVERAGEIFS('Raw Runs'!$E$2:$E$2047,'Raw Runs'!$A$2:$A$2047,D$1,'Raw Runs'!$B$2:$B$2047,$A3)/86400,"") -> 0.01086515 | E3: =IFERROR(AVERAGEIFS('Raw Runs'!$E$2:$E$2047,'Raw Runs'!$A$2:$A$2047,E$1,'Raw Runs'!$B$2:$B$2047,$A3)/86400,"") -> 0.00070792824 | F3: =IFERROR(AVERAGEIFS('Raw Runs'!$E$2:$E$2047,'Raw Runs'!$A$2:$A$2047,F$1,'Raw Runs'!$B$2:$B$2047,$A3)/86400,"") -> 0.00036784722 | G3: =IFERROR(AVERAGEIFS('Raw Runs'!$E$2:$E$2047,'Raw Runs'!$A$2:$A$2047,G$1,'Raw Runs'!$B$2:$B$2047,$A3)/86400,"") | H3: =IFERROR(AVERAGEIFS('Raw Runs'!$E$2:$E$2047,'Raw Runs'!$A$2:$A$2047,H$1,'Raw Runs'!$B$2:$B$2047,$A3)/86400,"") -> 0.0017459259 | I3: =IFERROR(AVERAGEIFS('Raw Runs'!$E$2:$E$2047,'Raw Runs'!$A$2:$A$2047,I$1,'Raw Runs'!$B$2:$B$2047,$A3)/86400,"") -> 0.015309248 | ... M3: =IFERROR(AVERAGEIFS('Raw Runs'!$E$2:$E$2047,'Raw Runs'!$A$2:$A$2047,M$1,'Raw Runs'!$B$2:$B$2047,$A3)/86400,"") -> 0.010800645
A4: 46144 | B4: =IFERROR(AVERAGEIFS('Raw Runs'!$E$2:$E$2047,'Raw Runs'!$A$2:$A$2047,B$1,'Raw Runs'!$B$2:$B$2047,$A4)/86400,"") -> 0.00040706019 | C4: =IFERROR(AVERAGEIFS('Raw Runs'!$E$2:$E$2047,'Raw Runs'!$A$2:$A$2047,C$1,'Raw Runs'!$B$2:$B$2047,$A4)/86400,"") -> 0.0010073495 | D4: =IFERROR(AVERAGEIFS('Raw Runs'!$E$2:$E$2047,'Raw Runs'!$A$2:$A$2047,D$1,'Raw Runs'!$B$2:$B$2047,$A4)/86400,"") -> 0.0091694444 | E4: =IFERROR(AVERAGEIFS('Raw Runs'!$E$2:$E$2047,'Raw Runs'!$A$2:$A$2047,E$1,'Raw Runs'!$B$2:$B$2047,$A4)/86400,"") -> 0.00068320602 | F4: =IFERROR(AVERAGEIFS('Raw Runs'!$E$2:$E$2047,'Raw Runs'!$A$2:$A$2047,F$1,'Raw Runs'!$B$2:$B$2047,$A4)/86400,"") -> 0.00036354167 | G4: =IFERROR(AVERAGEIFS('Raw Runs'!$E$2:$E$2047,'Raw Runs'!$A$2:$A$2047,G$1,'Raw Runs'!$B$2:$B$2047,$A4)/86400,"") | H4: =IFERROR(AVERAGEIFS('Raw Runs'!$E$2:$E$2047,'Raw Runs'!$A$2:$A$2047,H$1,'Raw Runs'!$B$2:$B$2047,$A4)/86400,"") -> 0.0017011806 | I4: =IFERROR(AVERAGEIFS('Raw Runs'!$E$2:$E$2047,'Raw Runs'!$A$2:$A$2047,I$1,'Raw Runs'!$B$2:$B$2047,$A4)/86400,"") -> 0.025152072 | ... M4: =IFERROR(AVERAGEIFS('Raw Runs'!$E$2:$E$2047,'Raw Runs'!$A$2:$A$2047,M$1,'Raw Runs'!$B$2:$B$2047,$A4)/86400,"") -> 0.011259236
A5: 46145 | B5: =IFERROR(AVERAGEIFS('Raw Runs'!$E$2:$E$2047,'Raw Runs'!$A$2:$A$2047,B$1,'Raw Runs'!$B$2:$B$2047,$A5)/86400,"") -> 0.00037 | C5: =IFERROR(AVERAGEIFS('Raw Runs'!$E$2:$E$2047,'Raw Runs'!$A$2:$A$2047,C$1,'Raw Runs'!$B$2:$B$2047,$A5)/86400,"") -> 0.0010454282 | D5: =IFERROR(AVERAGEIFS('Raw Runs'!$E$2:$E$2047,'Raw Runs'!$A$2:$A$2047,D$1,'Raw Runs'!$B$2:$B$2047,$A5)/86400,"") -> 0.0098715741 | E5: =IFERROR(AVERAGEIFS('Raw Runs'!$E$2:$E$2047,'Raw Runs'!$A$2:$A$2047,E$1,'Raw Runs'!$B$2:$B$2047,$A5)/86400,"") -> 0.00068655093 | F5: =IFERROR(AVERAGEIFS('Raw Runs'!$E$2:$E$2047,'Raw Runs'!$A$2:$A$2047,F$1,'Raw Runs'!$B$2:$B$2047,$A5)/86400,"") -> 0.00036266204 | G5: =IFERROR(AVERAGEIFS('Raw Runs'!$E$2:$E$2047,'Raw Runs'!$A$2:$A$2047,G$1,'Raw Runs'!$B$2:$B$2047,$A5)/86400,"") | H5: =IFERROR(AVERAGEIFS('Raw Runs'!$E$2:$E$2047,'Raw Runs'!$A$2:$A$2047,H$1,'Raw Runs'!$B$2:$B$2047,$A5)/86400,"") -> 0.0015699306 | I5: =IFERROR(AVERAGEIFS('Raw Runs'!$E$2:$E$2047,'Raw Runs'!$A$2:$A$2047,I$1,'Raw Runs'!$B$2:$B$2047,$A5)/86400,"") -> 0.023847569 | ... M5: =IFERROR(AVERAGEIFS('Raw Runs'!$E$2:$E$2047,'Raw Runs'!$A$2:$A$2047,M$1,'Raw Runs'!$B$2:$B$2047,$A5)/86400,"") -> 0.01346353
A6: 46146 | B6: =IFERROR(AVERAGEIFS('Raw Runs'!$E$2:$E$2047,'Raw Runs'!$A$2:$A$2047,B$1,'Raw Runs'!$B$2:$B$2047,$A6)/86400,"") -> 0.00040001157 | C6: =IFERROR(AVERAGEIFS('Raw Runs'!$E$2:$E$2047,'Raw Runs'!$A$2:$A$2047,C$1,'Raw Runs'!$B$2:$B$2047,$A6)/86400,"") -> 0.0010387269 | D6: =IFERROR(AVERAGEIFS('Raw Runs'!$E$2:$E$2047,'Raw Runs'!$A$2:$A$2047,D$1,'Raw Runs'!$B$2:$B$2047,$A6)/86400,"") -> 0.0089766204 | E6: =IFERROR(AVERAGEIFS('Raw Runs'!$E$2:$E$2047,'Raw Runs'!$A$2:$A$2047,E$1,'Raw Runs'!$B$2:$B$2047,$A6)/86400,"") -> 0.00075543981 | F6: =IFERROR(AVERAGEIFS('Raw Runs'!$E$2:$E$2047,'Raw Runs'!$A$2:$A$2047,F$1,'Raw Runs'!$B$2:$B$2047,$A6)/86400,"") -> 0.00033152778 | G6: =IFERROR(AVERAGEIFS('Raw Runs'!$E$2:$E$2047,'Raw Runs'!$A$2:$A$2047,G$1,'Raw Runs'!$B$2:$B$2047,$A6)/86400,"") | H6: =IFERROR(AVERAGEIFS('Raw Runs'!$E$2:$E$2047,'Raw Runs'!$A$2:$A$2047,H$1,'Raw Runs'!$B$2:$B$2047,$A6)/86400,"") -> 0.0010257755 | I6: =IFERROR(AVERAGEIFS('Raw Runs'!$E$2:$E$2047,'Raw Runs'!$A$2:$A$2047,I$1,'Raw Runs'!$B$2:$B$2047,$A6)/86400,"") -> 0.017818767 | ... M6: =IFERROR(AVERAGEIFS('Raw Runs'!$E$2:$E$2047,'Raw Runs'!$A$2:$A$2047,M$1,'Raw Runs'!$B$2:$B$2047,$A6)/86400,"") -> 0.0093720701
A7: 46147 | B7: =IFERROR(AVERAGEIFS('Raw Runs'!$E$2:$E$2047,'Raw Runs'!$A$2:$A$2047,B$1,'Raw Runs'!$B$2:$B$2047,$A7)/86400,"") -> 0.00039688657 | C7: =IFERROR(AVERAGEIFS('Raw Runs'!$E$2:$E$2047,'Raw Runs'!$A$2:$A$2047,C$1,'Raw Runs'!$B$2:$B$2047,$A7)/86400,"") -> 0.0015358333 | D7: =IFERROR(AVERAGEIFS('Raw Runs'!$E$2:$E$2047,'Raw Runs'!$A$2:$A$2047,D$1,'Raw Runs'!$B$2:$B$2047,$A7)/86400,"") -> 0.012545833 | E7: =IFERROR(AVERAGEIFS('Raw Runs'!$E$2:$E$2047,'Raw Runs'!$A$2:$A$2047,E$1,'Raw Runs'!$B$2:$B$2047,$A7)/86400,"") -> 0.00066986111 | F7: =IFERROR(AVERAGEIFS('Raw Runs'!$E$2:$E$2047,'Raw Runs'!$A$2:$A$2047,F$1,'Raw Runs'!$B$2:$B$2047,$A7)/86400,"") -> 0.00039006944 | G7: =IFERROR(AVERAGEIFS('Raw Runs'!$E$2:$E$2047,'Raw Runs'!$A$2:$A$2047,G$1,'Raw Runs'!$B$2:$B$2047,$A7)/86400,"") | H7: =IFERROR(AVERAGEIFS('Raw Runs'!$E$2:$E$2047,'Raw Runs'!$A$2:$A$2047,H$1,'Raw Runs'!$B$2:$B$2047,$A7)/86400,"") -> 0.0015518287 | I7: =IFERROR(AVERAGEIFS('Raw Runs'!$E$2:$E$2047,'Raw Runs'!$A$2:$A$2047,I$1,'Raw Runs'!$B$2:$B$2047,$A7)/86400,"") -> 0.075890301 | ... M7: =IFERROR(AVERAGEIFS('Raw Runs'!$E$2:$E$2047,'Raw Runs'!$A$2:$A$2047,M$1,'Raw Runs'!$B$2:$B$2047,$A7)/86400,"") -> 0.011241027
A8: 46148 | B8: =IFERROR(AVERAGEIFS('Raw Runs'!$E$2:$E$2047,'Raw Runs'!$A$2:$A$2047,B$1,'Raw Runs'!$B$2:$B$2047,$A8)/86400,"") -> 0.00041873843 | C8: =IFERROR(AVERAGEIFS('Raw Runs'!$E$2:$E$2047,'Raw Runs'!$A$2:$A$2047,C$1,'Raw Runs'!$B$2:$B$2047,$A8)/86400,"") -> 0.0010526968 | D8: =IFERROR(AVERAGEIFS('Raw Runs'!$E$2:$E$2047,'Raw Runs'!$A$2:$A$2047,D$1,'Raw Runs'!$B$2:$B$2047,$A8)/86400,"") -> 0.0093634144 | E8: =IFERROR(AVERAGEIFS('Raw Runs'!$E$2:$E$2047,'Raw Runs'!$A$2:$A$2047,E$1,'Raw Runs'!$B$2:$B$2047,$A8)/86400,"") -> 0.00075758102 | F8: =IFERROR(AVERAGEIFS('Raw Runs'!$E$2:$E$2047,'Raw Runs'!$A$2:$A$2047,F$1,'Raw Runs'!$B$2:$B$2047,$A8)/86400,"") -> 0.00031810185 | G8: =IFERROR(AVERAGEIFS('Raw Runs'!$E$2:$E$2047,'Raw Runs'!$A$2:$A$2047,G$1,'Raw Runs'!$B$2:$B$2047,$A8)/86400,"") | H8: =IFERROR(AVERAGEIFS('Raw Runs'!$E$2:$E$2047,'Raw Runs'!$A$2:$A$2047,H$1,'Raw Runs'!$B$2:$B$2047,$A8)/86400,"") -> 0.001606875 | I8: =IFERROR(AVERAGEIFS('Raw Runs'!$E$2:$E$2047,'Raw Runs'!$A$2:$A$2047,I$1,'Raw Runs'!$B$2:$B$2047,$A8)/86400,"") -> 0.019270713 | ... M8: =IFERROR(AVERAGEIFS('Raw Runs'!$E$2:$E$2047,'Raw Runs'!$A$2:$A$2047,M$1,'Raw Runs'!$B$2:$B$2047,$A8)/86400,"") -> 0.011189957
A9: 46149 | B9: =IFERROR(AVERAGEIFS('Raw Runs'!$E$2:$E$2047,'Raw Runs'!$A$2:$A$2047,B$1,'Raw Runs'!$B$2:$B$2047,$A9)/86400,"") -> 0.00041759259 | C9: =IFERROR(AVERAGEIFS('Raw Runs'!$E$2:$E$2047,'Raw Runs'!$A$2:$A$2047,C$1,'Raw Runs'!$B$2:$B$2047,$A9)/86400,"") -> 0.0010279977 | D9: =IFERROR(AVERAGEIFS('Raw Runs'!$E$2:$E$2047,'Raw Runs'!$A$2:$A$2047,D$1,'Raw Runs'!$B$2:$B$2047,$A9)/86400,"") -> 0.010768935 | E9: =IFERROR(AVERAGEIFS('Raw Runs'!$E$2:$E$2047,'Raw Runs'!$A$2:$A$2047,E$1,'Raw Runs'!$B$2:$B$2047,$A9)/86400,"") -> 0.00084525463 | F9: =IFERROR(AVERAGEIFS('Raw Runs'!$E$2:$E$2047,'Raw Runs'!$A$2:$A$2047,F$1,'Raw Runs'!$B$2:$B$2047,$A9)/86400,"") -> 0.00038516204 | G9: =IFERROR(AVERAGEIFS('Raw Runs'!$E$2:$E$2047,'Raw Runs'!$A$2:$A$2047,G$1,'Raw Runs'!$B$2:$B$2047,$A9)/86400,"") | H9: =IFERROR(AVERAGEIFS('Raw Runs'!$E$2:$E$2047,'Raw Runs'!$A$2:$A$2047,H$1,'Raw Runs'!$B$2:$B$2047,$A9)/86400,"") -> 0.0011570023 | I9: =IFERROR(AVERAGEIFS('Raw Runs'!$E$2:$E$2047,'Raw Runs'!$A$2:$A$2047,I$1,'Raw Runs'!$B$2:$B$2047,$A9)/86400,"") -> 0.020460286 | ... M9: =IFERROR(AVERAGEIFS('Raw Runs'!$E$2:$E$2047,'Raw Runs'!$A$2:$A$2047,M$1,'Raw Runs'!$B$2:$B$2047,$A9)/86400,"") -> 0.01274141
A10: 46150 | B10: =IFERROR(AVERAGEIFS('Raw Runs'!$E$2:$E$2047,'Raw Runs'!$A$2:$A$2047,B$1,'Raw Runs'!$B$2:$B$2047,$A10)/86400,"") -> 0.00044469907 | C10: =IFERROR(AVERAGEIFS('Raw Runs'!$E$2:$E$2047,'Raw Runs'!$A$2:$A$2047,C$1,'Raw Runs'!$B$2:$B$2047,$A10)/86400,"") -> 0.0012543287 | D10: =IFERROR(AVERAGEIFS('Raw Runs'!$E$2:$E$2047,'Raw Runs'!$A$2:$A$2047,D$1,'Raw Runs'!$B$2:$B$2047,$A10)/86400,"") -> 0.012717431 | E10: =IFERROR(AVERAGEIFS('Raw Runs'!$E$2:$E$2047,'Raw Runs'!$A$2:$A$2047,E$1,'Raw Runs'!$B$2:$B$2047,$A10)/86400,"") -> 0.00084959491 | F10: =IFERROR(AVERAGEIFS('Raw Runs'!$E$2:$E$2047,'Raw Runs'!$A$2:$A$2047,F$1,'Raw Runs'!$B$2:$B$2047,$A10)/86400,"") -> 0.00036784722 | G10: =IFERROR(AVERAGEIFS('Raw Runs'!$E$2:$E$2047,'Raw Runs'!$A$2:$A$2047,G$1,'Raw Runs'!$B$2:$B$2047,$A10)/86400,"") | H10: =IFERROR(AVERAGEIFS('Raw Runs'!$E$2:$E$2047,'Raw Runs'!$A$2:$A$2047,H$1,'Raw Runs'!$B$2:$B$2047,$A10)/86400,"") -> 0.0020570602 | I10: =IFERROR(AVERAGEIFS('Raw Runs'!$E$2:$E$2047,'Raw Runs'!$A$2:$A$2047,I$1,'Raw Runs'!$B$2:$B$2047,$A10)/86400,"") -> 0.077047539 | ... M10: =IFERROR(AVERAGEIFS('Raw Runs'!$E$2:$E$2047,'Raw Runs'!$A$2:$A$2047,M$1,'Raw Runs'!$B$2:$B$2047,$A10)/86400,"") -> 0.011565965
A11: 46151 | B11: =IFERROR(AVERAGEIFS('Raw Runs'!$E$2:$E$2047,'Raw Runs'!$A$2:$A$2047,B$1,'Raw Runs'!$B$2:$B$2047,$A11)/86400,"") -> 0.00036993056 | C11: =IFERROR(AVERAGEIFS('Raw Runs'!$E$2:$E$2047,'Raw Runs'!$A$2:$A$2047,C$1,'Raw Runs'!$B$2:$B$2047,$A11)/86400,"") -> 0.001205787 | D11: =IFERROR(AVERAGEIFS('Raw Runs'!$E$2:$E$2047,'Raw Runs'!$A$2:$A$2047,D$1,'Raw Runs'!$B$2:$B$2047,$A11)/86400,"") -> 0.024374792 | E11: =IFERROR(AVERAGEIFS('Raw Runs'!$E$2:$E$2047,'Raw Runs'!$A$2:$A$2047,E$1,'Raw Runs'!$B$2:$B$2047,$A11)/86400,"") -> 0.00070247685 | F11: =IFERROR(AVERAGEIFS('Raw Runs'!$E$2:$E$2047,'Raw Runs'!$A$2:$A$2047,F$1,'Raw Runs'!$B$2:$B$2047,$A11)/86400,"") -> 0.00042704861 | G11: =IFERROR(AVERAGEIFS('Raw Runs'!$E$2:$E$2047,'Raw Runs'!$A$2:$A$2047,G$1,'Raw Runs'!$B$2:$B$2047,$A11)/86400,"") | H11: =IFERROR(AVERAGEIFS('Raw Runs'!$E$2:$E$2047,'Raw Runs'!$A$2:$A$2047,H$1,'Raw Runs'!$B$2:$B$2047,$A11)/86400,"") -> 0.0016557639 | I11: =IFERROR(AVERAGEIFS('Raw Runs'!$E$2:$E$2047,'Raw Runs'!$A$2:$A$2047,I$1,'Raw Runs'!$B$2:$B$2047,$A11)/86400,"") -> 0.025823843 | ... M11: =IFERROR(AVERAGEIFS('Raw Runs'!$E$2:$E$2047,'Raw Runs'!$A$2:$A$2047,M$1,'Raw Runs'!$B$2:$B$2047,$A11)/86400,"") -> 0.011143061
A12: 46152 | B12: =IFERROR(AVERAGEIFS('Raw Runs'!$E$2:$E$2047,'Raw Runs'!$A$2:$A$2047,B$1,'Raw Runs'!$B$2:$B$2047,$A12)/86400,"") -> 0.00038146991 | C12: =IFERROR(AVERAGEIFS('Raw Runs'!$E$2:$E$2047,'Raw Runs'!$A$2:$A$2047,C$1,'Raw Runs'!$B$2:$B$2047,$A12)/86400,"") -> 0.0010009722 | D12: =IFERROR(AVERAGEIFS('Raw Runs'!$E$2:$E$2047,'Raw Runs'!$A$2:$A$2047,D$1,'Raw Runs'!$B$2:$B$2047,$A12)/86400,"") -> 0.0087227199 | E12: =IFERROR(AVERAGEIFS('Raw Runs'!$E$2:$E$2047,'Raw Runs'!$A$2:$A$2047,E$1,'Raw Runs'!$B$2:$B$2047,$A12)/86400,"") -> 0.00066407407 | F12: =IFERROR(AVERAGEIFS('Raw Runs'!$E$2:$E$2047,'Raw Runs'!$A$2:$A$2047,F$1,'Raw Runs'!$B$2:$B$2047,$A12)/86400,"") -> 0.00034680556 | G12: =IFERROR(AVERAGEIFS('Raw Runs'!$E$2:$E$2047,'Raw Runs'!$A$2:$A$2047,G$1,'Raw Runs'!$B$2:$B$2047,$A12)/86400,"") | H12: =IFERROR(AVERAGEIFS('Raw Runs'!$E$2:$E$2047,'Raw Runs'!$A$2:$A$2047,H$1,'Raw Runs'!$B$2:$B$2047,$A12)/86400,"") -> 0.0017577199 | I12: =IFERROR(AVERAGEIFS('Raw Runs'!$E$2:$E$2047,'Raw Runs'!$A$2:$A$2047,I$1,'Raw Runs'!$B$2:$B$2047,$A12)/86400,"") -> 0.021761001 | ... M12: =IFERROR(AVERAGEIFS('Raw Runs'!$E$2:$E$2047,'Raw Runs'!$A$2:$A$2047,M$1,'Raw Runs'!$B$2:$B$2047,$A12)/86400,"") -> 0.012374809
A13: 46153 | B13: =IFERROR(AVERAGEIFS('Raw Runs'!$E$2:$E$2047,'Raw Runs'!$A$2:$A$2047,B$1,'Raw Runs'!$B$2:$B$2047,$A13)/86400,"") -> 0.00043219907 | C13: =IFERROR(AVERAGEIFS('Raw Runs'!$E$2:$E$2047,'Raw Runs'!$A$2:$A$2047,C$1,'Raw Runs'!$B$2:$B$2047,$A13)/86400,"") -> 0.0018883565 | D13: =IFERROR(AVERAGEIFS('Raw Runs'!$E$2:$E$2047,'Raw Runs'!$A$2:$A$2047,D$1,'Raw Runs'!$B$2:$B$2047,$A13)/86400,"") -> 0.010039525 | E13: =IFERROR(AVERAGEIFS('Raw Runs'!$E$2:$E$2047,'Raw Runs'!$A$2:$A$2047,E$1,'Raw Runs'!$B$2:$B$2047,$A13)/86400,"") -> 0.00090434028 | F13: =IFERROR(AVERAGEIFS('Raw Runs'!$E$2:$E$2047,'Raw Runs'!$A$2:$A$2047,F$1,'Raw Runs'!$B$2:$B$2047,$A13)/86400,"") -> 0.00043059028 | G13: =IFERROR(AVERAGEIFS('Raw Runs'!$E$2:$E$2047,'Raw Runs'!$A$2:$A$2047,G$1,'Raw Runs'!$B$2:$B$2047,$A13)/86400,"") | H13: =IFERROR(AVERAGEIFS('Raw Runs'!$E$2:$E$2047,'Raw Runs'!$A$2:$A$2047,H$1,'Raw Runs'!$B$2:$B$2047,$A13)/86400,"") -> 0.0015379977 | I13: =IFERROR(AVERAGEIFS('Raw Runs'!$E$2:$E$2047,'Raw Runs'!$A$2:$A$2047,I$1,'Raw Runs'!$B$2:$B$2047,$A13)/86400,"") -> 0.059106192 | ... M13: =IFERROR(AVERAGEIFS('Raw Runs'!$E$2:$E$2047,'Raw Runs'!$A$2:$A$2047,M$1,'Raw Runs'!$B$2:$B$2047,$A13)/86400,"") -> 0.0097983383
... A70: 46210 | B70: =IFERROR(AVERAGEIFS('Raw Runs'!$E$2:$E$2047,'Raw Runs'!$A$2:$A$2047,B$1,'Raw Runs'!$B$2:$B$2047,$A70)/86400,"") -> 0.00037512731 | C70: =IFERROR(AVERAGEIFS('Raw Runs'!$E$2:$E$2047,'Raw Runs'!$A$2:$A$2047,C$1,'Raw Runs'!$B$2:$B$2047,$A70)/86400,"") -> 0.0018264815 | D70: =IFERROR(AVERAGEIFS('Raw Runs'!$E$2:$E$2047,'Raw Runs'!$A$2:$A$2047,D$1,'Raw Runs'!$B$2:$B$2047,$A70)/86400,"") -> 0.0089879745 | E70: =IFERROR(AVERAGEIFS('Raw Runs'!$E$2:$E$2047,'Raw Runs'!$A$2:$A$2047,E$1,'Raw Runs'!$B$2:$B$2047,$A70)/86400,"") -> 0.00077349537 | F70: =IFERROR(AVERAGEIFS('Raw Runs'!$E$2:$E$2047,'Raw Runs'!$A$2:$A$2047,F$1,'Raw Runs'!$B$2:$B$2047,$A70)/86400,"") -> 0.00038094907 | G70: =IFERROR(AVERAGEIFS('Raw Runs'!$E$2:$E$2047,'Raw Runs'!$A$2:$A$2047,G$1,'Raw Runs'!$B$2:$B$2047,$A70)/86400,"") -> 0.0010544227 | H70: =IFERROR(AVERAGEIFS('Raw Runs'!$E$2:$E$2047,'Raw Runs'!$A$2:$A$2047,H$1,'Raw Runs'!$B$2:$B$2047,$A70)/86400,"") -> 0.0020660648 | I70: =IFERROR(AVERAGEIFS('Raw Runs'!$E$2:$E$2047,'Raw Runs'!$A$2:$A$2047,I$1,'Raw Runs'!$B$2:$B$2047,$A70)/86400,"") -> 0.077386703 | ... M70: =IFERROR(AVERAGEIFS('Raw Runs'!$E$2:$E$2047,'Raw Runs'!$A$2:$A$2047,M$1,'Raw Runs'!$B$2:$B$2047,$A70)/86400,"") -> 0.011246201
